name,hp,str,mg,spd,dex,def,res,lck,cha,kind,master_skill
야생마,5,0,0,5,5,5,5,0,0,말,연계 환기+:[기병] 필살 회피 +10<br>연계 질주+:[기병] 이동력 +2
모노케로스,5,0,0,5,5,0,10,0,0,말,연계 기적+:[기병] 행운 +5<br>연계 치유+:[기병] 전투 후 자신의 HP를 적당량 회복한다
한혈마,5,5,0,0,5,10,0,0,0,말,재이동+:[기병] 전투 후 2칸까지 이동할 수 있다<br>연계 맹공격+:[기병] 전투 기술로 공격 시 공격력 +4<br>연계 전투 기술 집중+:[기병] 전투 기술로 공격 시 명중 +15
흑마,5,5,0,10,5,0,0,0,0,말,연계 질주+:[기병] 이동력 +2<br>재이동+:[기병] 전투 후 2칸까지 이동할 수 있다
로시난,5,0,0,5,5,10,5,0,0,말,연계 질주+:[기병] 이동력 +2
야생 오르니우스,0,0,0,10,15,0,0,0,0,타조,"연계 은밀+:[기병] 전투 시 자신이 유리한 지형에 있으면 회피 +10, 방어력 +3<br>연계 질주+:[기병] 이동력 +2"
하얀 깃의 오르니우스,0,0,0,5,5,0,15,0,0,타조,연계 정화+:[기병] 자신의 페이즈가 개시될 때 독 상태가 해제된다<br>연계 치유+:[기병] 전투 후 자신의 HP를 적당량 회복한다
메가니우스,0,5,0,0,5,15,0,0,0,타조,연계 질주+:[기병] 이동력 +2<br>연계 거구+:[기병] 체격 +4
빨간 깃의 오르니우스,0,15,0,0,5,5,0,0,0,타조,연계 질주+:[기병] 이동력 +2<br>연계 방호+:[기병] 필살의 일격을 받을 때 받는 대미지가 50%로 줄어든다
마지니우스,0,0,15,0,10,0,0,0,0,타조,연계 질주+:[기병] 이동력 +2<br>연계 마법 집중+:[기병] 마법 장비 시 명중 +15
검은 깃의 마지니우스,0,0,10,10,5,0,0,0,0,타조,재이동+:[기병] 전투 후 2칸까지 이동할 수 있다<br>연계 마법 첨예+:[기병] 마법 장비 시 필살 +10
야생 페가수스,0,0,0,15,0,0,10,0,0,페가수스,연계 대마법+:[비행] 전투 시 적이 마법을 장비 중이면 공격력 +5<br>연계 비상+:[비행] 이동력 +2
다크 페가수스,0,0,15,10,0,0,0,0,0,페가수스,연계 비상+:[비행] 이동력 +2<br>연계 고속 마법+:[비행] 전투 시 마력%로 발동. 회피 +20
팔콘,0,5,0,15,5,0,0,0,0,페가수스,비행 재이동+:[비행] 전투 후 2칸까지 이동할 수 있다<br>연계 비상+:[비행] 이동력 +2
레드 팔콘,0,10,0,10,5,0,0,0,0,페가수스,연계 비상+:[비행] 이동력 +2<br>연계 폭풍+:[비행] 추격 시 공격력 +4
부케팔라스,0,5,0,15,0,0,10,0,0,페가수스,연계 비상+:[비행] 이동력 +2
야생 바우,0,10,0,5,10,0,0,0,0,드래곤,연계 비상+:[비행] 이동력 +2<br>연계 맹공격+:[비행] 전투 기술로 공격 시 공격력 +4
레드 바우,0,15,0,0,10,0,0,0,0,드래곤,연계 비상+:[비행] 이동력 +2<br>연계 전투 기술 집중+:[비헹] 전투 기술로 공격 시 명중 +15
블랙 바우,0,10,0,15,0,0,0,0,0,드래곤,비행 재이동+:[비행] 전투 후 2칸까지 이동할 수 있다<br>연계 강인+:[비행] 공격받을 때 적의 공격이 자신에게 유효 또는 특효라면 받는 대미지가 반감된다
살라미스 전투 코끼리,5,5,0,0,5,5,0,5,0,코끼리,연계 대이동+:[기병] 이동력 +2