name,origin,hp,str,mg,spd,dex,def,res,lck,cha,kind,mul
타조병,타조병,0,0,0,0,0,0,0,0,0,타조,1
경기병,경기병,0,0,0,0,0,0,0,0,0,말,1
전차병,전차병,0,0,0,0,0,0,0,0,0,말,2
전차병 (레벨 35),전차병,10,5,5,5,5,5,0,0,0,말,2
전차병 (레벨 45),전차병,10,15,5,5,10,15,0,5,0,말,2
기갑 타조병,기갑 타조병,0,0,0,0,0,0,0,0,0,타조,1
천익병,천익병,0,0,0,0,0,0,0,0,0,페가수스,1
포레스트 나이트,포레스트 나이트,0,0,0,0,0,0,0,0,0,말,1
바딩거,바딩거,0,0,0,0,0,0,0,0,0,말,1
카타프락트,카타프락트,0,0,0,0,0,0,0,0,0,말,1
트루바두르,트루바두르,0,0,0,0,0,0,0,0,0,말,1
칼라드리우스,칼라드리우스,0,0,0,0,0,0,0,0,0,타조,1
드라군,드라군,0,0,0,0,0,0,0,0,0,드래곤,1
코끼리병,코끼리병,0,0,0,0,0,0,0,0,0,코끼리,1
코끼리병 (레벨 45),코끼리병,10,10,0,0,10,10,10,0,0,코끼리,1
오리할디어,오리할디어,0,0,0,0,0,0,0,0,0,말,1
드래곤 마스터,드래곤 마스터,0,0,0,0,0,0,0,0,0,드래곤,1
성천익병,성천익병,0,0,0,0,0,0,0,0,0,페가수스,1
그레이트 나이트,그레이트 나이트,0,0,0,0,0,0,0,0,0,말,1
하이 에피타프,하이 에피타프,0,0,0,0,0,0,0,0,0,말,1
보우나이트,보우나이트,0,0,0,0,0,0,0,0,0,말,1
발키리움,발키리움,0,0,0,0,0,0,0,0,0,말,1
더 캐벌리어,더 캐벌리어,0,0,0,0,0,0,0,0,0,말,1