name,rank,hp,str,mg,spd,dex,def,res,lck,cha,mov
평민,1,0,0,0,0,0,0,0,0,0,0
귀족,1,0,0,0,0,0,0,0,0,0,0
투사,2,1,1,0,0,0,0,0,0,0,0
사냥병,2,0,0,0,1,1,0,0,0,0,0
병사,2,0,1,0,0,0,1,0,0,0,0
타조병,2,0,0,0,3,1,0,0,1,0,1
주술사,2,0,0,1,0,0,0,1,0,0,0
검사,3,1,0,0,2,0,0,-1,0,0,1
브리건드,3,3,2,0,0,0,1,-1,0,0,1
세스타스,3,2,1,0,1,0,2,-1,0,0,1
아처,3,0,0,0,2,2,1,0,0,0,1
로그,3,0,0,0,3,1,0,1,1,-1,1
중갑 보병,3,2,1,0,-2,0,4,0,0,0,0
경기병,3,1,1,0,1,0,2,0,0,1,2
전차병,3,3,1,0,-2,3,3,0,0,1,1
기갑 타조병,3,1,0,0,2,0,2,0,0,0,2
천익병,3,0,0,0,4,1,1,2,0,1,2
샤먼,3,0,0,2,1,1,0,2,0,-1,1
프리스트,3,0,0,1,0,0,0,3,2,1,1
사도,4,3,0,0,7,3,0,0,0,0,1
무용수,4,4,0,0,9,5,0,0,0,5,1
워리어,4,4,4,0,1,0,0,0,0,0,1
대장장이,4,5,1,1,1,0,3,1,0,0,1
스나이퍼,4,1,0,0,5,5,0,0,0,0,1
포레스트 나이트,4,1,0,0,5,2,1,0,0,0,2
레인저,4,1,0,0,7,4,0,1,1,-1,1
가디언,4,3,1,0,1,0,3,4,0,0,1
헤비 아머,4,5,3,0,-5,0,9,-1,0,0,0
바딩거,4,3,0,0,1,0,1,0,0,3,2
카타프락트,4,5,2,0,-1,0,5,0,0,0,1
트루바두르,4,0,0,1,1,1,1,2,0,3,2
칼라드리우스,4,2,0,1,3,0,1,2,0,2,2
드라군,4,2,1,0,3,1,1,0,0,0,2
바테스,4,1,0,4,3,4,0,4,0,-1,1
비숍,4,1,0,3,1,0,0,5,3,3,1
코끼리병,4,10,2,0,-5,3,7,0,0,3,1
배틀 마스터,5,13,6,0,2,0,4,0,0,0,1
마스터 아처,5,4,2,0,5,0,0,0,0,0,1
섀도 시커,5,4,0,0,9,7,0,0,2,-2,1
홀리 랜서,5,5,4,0,2,4,4,5,0,0,1
포트리스,5,9,6,0,-6,4,13,-2,0,0,0
오리할디어,5,7,3,0,2,3,2,0,0,2,3
드래곤 마스터,5,5,2,0,3,3,3,0,0,0,3
드루이드,5,4,0,7,4,7,0,5,0,-2,1
와이즈맨,5,4,0,5,2,2,0,9,4,2,1
배틀 몽크,5,5,2,0,5,2,2,4,0,0,1
성천익병,5,3,0,0,5,3,0,5,0,2,3
그레이트 나이트,5,12,5,0,-4,2,5,0,0,0,2
소드 마스터,5,5,2,0,7,7,0,0,0,0,1
하이 에피타프,5,5,2,2,3,3,2,0,0,0,3
보우나이트,5,3,2,0,7,5,2,0,0,0,3
발키리움,5,2,0,2,2,3,2,3,0,2,3
더 블레이드,6,7,4,4,7,7,0,0,0,2,1
디 아브사라스,6,5,2,4,7,5,0,0,0,9,1
디 이터널,6,12,6,0,2,1,5,0,0,2,1
더 갓핸드,6,7,4,4,5,2,4,5,0,2,1
더 캘러미티,6,5,2,4,7,5,0,4,4,0,1
더 트라이던트,6,7,4,4,2,4,5,5,0,2,1
더 캐벌리어,6,11,3,0,4,5,5,1,0,2,4
디 아바타르,6,5,0,9,2,2,0,9,5,2,1
