name,hp,str,mg,spd,dex,def,res,lck,cha,p_skill,u_skill,spoiler
카이,45,45,40,45,45,35,35,40,40,활발 : 이동력 +1<br>활발+ : 이동력 +2,-,0
디트리히,50,45,30,50,60,40,30,50,60,살의 : 선공일 경우 해당 전투 중 필살 +5<br>살의+ : 선공일 경우 해당 전투 중 필살 +10,야수의 충동 : 전투 후 필살 +2 (필살의 일격이 발동한 전투 후 초기화),0
세오도라,70,50,30,40,40,40,30,30,50,불굴의 각오 : 공격받을 때 30%로 발동. 받는 대미지가 반감된다<br>불굴의 각오+ : 공격받을 때 50%로 발동. 받는 대미지가 반감된다,파괴 : 장애물을 공격할 때 주는 대미지가 3배로 증가한다<br>직격 : 블레이즈 아츠로 공격 시 30%로 발동. 주는 대미지 +10,0
레다,40,35,35,65,50,30,35,25,55,야습 : 선공할 경우 5%로 발동. 반격을 받지 않는다<br>야습+ : 선공할 경우 10%로 발동. 반격을 받지 않는다,-,0
티아라,30,25,45,35,40,20,40,50,45,참모의 재능 : 아군에게 쓸 수 있는 전투 기술의 사정 +1,-,0
피터르,40,35,20,45,60,30,25,35,30,조준 사격 : 활의 전투 기술 사용 시 사정 +1,-,0
울턴드,45,40,40,35,40,35,45,55,50,응급 처치 : 인접한 아군의 전투가 끝나면 해당 아군의 HP를 소량 회복한다,-,0
파비오,40,25,50,35,40,30,45,35,30,암흑 부름 : 인접한 적의 필살 회피 -5,암흑의 비술+ : [암흑 부름] 효과의 범위가 주위 3칸까지 확장된다,0
에스메랄다,55,55,20,35,35,45,25,35,30,괴력 : 자신이 장비하고 있는 무기와 장비품들의 무게가 80%로 줄어든다,"투창의 달인+ : 전투 시 창을 던져 공격하면 명중 +20, 공격력 +4",0
미카엘라,50,45,30,40,35,40,25,30,40,역전의 강자 : 인접한 적의 전투 시 명중 +10,철혈+ : 인접한 적과의 전투 시 공격력 +3. 또한 공격 시 30%의 확률로 공격력 +3,0
보나파르트,35,35,45,40,50,30,40,35,40,훈수 : 인접한 아군의 기술 +3,보충 설명+ : 인접한 아군 전투 시 30%로 발동. 해당 아군의 명중 +30,0
토비아스,55,60,15,25,30,45,20,40,35,큰 기술 : 전투 기술로 공격 시 공격력 +3,진심의 일격+ : 전투 기술로 공격 시 30%로 발동. 주는 대미지가 1.5배로 증가한다,0
릴리안,35,35,30,40,55,30,35,50,25,안전책 : 전투 시 적이 반격할 수 없다면 명중 +10,좋은 느낌+ : 공격 시 자신의 명중이 100%면 공격력 +5,0
라이선더,45,40,25,50,35,40,25,30,30,질주 공격 : 선공일 경우 해당 전투 중 회피 +15,가속+ : 적 처치 시 속도 +2 (최대 +10까지 증가) (맵이 끝날 때까지),0
버커니어,50,50,20,25,40,45,20,30,35,수호 기사의 의무 : 공격받을 때 받는 대미지가 90%로 줄어든다,-,0
시로코,40,40,40,45,50,35,35,50,45,여신의 은총 : 전투 후 자신의 HP를 5 회복한다,"바람 따라+ : 전투 시 [회피 +1], [회피 +5], [회피 +20], [회피 +30] 중 하나가 발동한다",0
올림피아,35,35,50,35,35,30,40,40,40,호승심 : 마법 장비 시 필살 +10,-,0
무우,50,50,25,50,50,40,30,30,40,"성장의 징조 : 레벨 업을 했을 때 기본 능력이 성장할 확률이 높다 (+20%p,적용된 상태)",-,0
베르트랑,50,55,15,45,50,45,20,30,50,갑옷 장례 : 전투 시 5%로 발동. 공속에 상관없이 추격한다<br>갑옷 장례+ : 전투 시 10%로 발동. 공속에 상관없이 추격한다,후발 선지 : 적 페이즈일 때 전투 시 25%로 발동. 자신이 선공이 된다<br>기선 제압 : 선공일 경우 25%로 발동. 적의 반격보다 먼저 추격한다,0
게이츠,50,50,20,40,45,45,25,40,45,조력 : 인접한 아군의 수비 +3,-,0
단테,30,30,45,40,40,20,40,45,30,전장의 극작 : 주위 2칸 내에 있는 아군 전투 시 해당 아군의 (매력÷2)%로 발동. 해당 아군의 필살 회피 +10,추가 연출+ : [전장의 극작] 발동 시 해당 아군의 명중 필살 +10,0
제스터,40,35,15,60,45,35,25,40,40,찰나의 교체 : [바꾸기] 사용 후 수비 +3 (다음 자신의 페이즈 전까지),찰나의 칼날+ : 적의 공격을 회피하면 해당 전투 중 공격력 +5,0
골라이어스,55,60,5,15,30,50,20,35,20,중량급 전사 : 기병 및 비병 병과 선택 불가. 체격 +5,압박+ : 인접한 적의 이동력 -5,0
타리문,45,40,45,40,45,35,40,60,50,모험왕의 행운 : 행운 +3,"숙련된 포수 : 병기로 공격 시 명중 +30<br>승리의 바람 : 공격하거나 공격받을 때 행운%로 발동. 공격하는 경우라면 명중 +15, 공격받는 경우라면 회피 +15",0
우술라,40,35,35,50,50,35,30,40,45,상회의 지배인 : 자신을 포함해 주변 2칸 내에 있는 아군이 도구 주머니를 사용할 수 있다,호기+ : 공격 시 (행운÷2)%로 발동. 주는 대미지가 1.5배로 증가한다,0
루루디아,40,35,20,55,45,30,20,30,30,매 : 선공일 걍우 해당 전투 중 공속 +3,-,0
시몬,50,50,20,35,40,40,25,50,35,구사일생 : 자신의 HP가 2 이상이고 HP가 0이 되는 대미지를 받았을 때 행운%의 확률로 HP가 1 남는다,-,0
피아나,30,35,55,30,40,20,45,25,40,광휘 : 마법으로 아군을 회복할 때 행운%로 발동. 마법 횟수가 줄어들지 않는다,-,0
오르헬,30,60,45,10,20,60,60,20,60,견뢰견고 : 수비 +5. 중갑 속성이 된다 (기병 및 비행 병과 선택 불가),동체 예측 : 선공일 경우 해당 전투 중 마법 명중 +20<br>영혼 조율+ : 마법으로 아군을 회복하면 자신의 HP를 적당량 회복한다<br>자가 수복 : 오버 블레이즈 상태일 때 자신의 페이즈가 개시되면 HP를 대량 회복한다,0
디에고,45,40,20,45,60,35,20,35,30,경호원 : 인접한 아군 전투 시 5%로 발동. 추격을 받지 않는다,무자비+ : 추격 시 명중 필살 +10,0
리네,45,45,35,35,45,35,45,50,40,정령의 목소리 : 전투 시 적이 마법을 장비 중이면 명중 회피 +10,정령의 인도+ : 주위 2칸 내에 있는 아군에게 [정령의 목소리]를 부여한다,0
로레타,35,35,35,55,40,30,40,30,30,마음의 여유 : 전투 시 자신의 HP가 절반 이상이면 회피 +10,"절호조+ : 전투 시 자신의 HP가 최대치면 공격력 +3, 회피 +10",0
세테스,45,45,30,40,45,40,35,30,50,임전 태세 : 적 페이즈일 때 첫 번째 전투에서 50%의 확률로 자신이 선공이 된다,정의의 집행 : [천칭의 천관] 발동 시 공격력 +7,0
아나톨리아,40,35,50,50,45,35,40,40,50,기공의 흐름 : 회피 +3,원활한 연관+ : 적의 공격을 회피하면 자신의 HP를 10 회복한다<br>경락 확장 : 적 처치 시 최대 HP +2 (최대 +10까지 증가) (맵이 끝날 때까지),0
사란,35,30,45,35,50,30,45,35,40,만류 : [끌어당기기] 사용 후 보조 마법을 사용할 수 있다,주의 환기+ : 인접한 아군의 속도 +4,0
나타,45,55,25,45,50,35,25,30,25,선수 필승 : 선공일 경우 50%로 발동. 해당 전투 중 공격력 +3,난 멈추지 않아+ : [선수 필승] 발동 후 공격 시 50%로 발동. 공격력 +5,0
대도,50,55,20,30,35,45,20,25,30,한 방 승부 : 전투 시 자신도 적도 추격할 수 없다면 자신의 공격력 +5,전력+ : 공격 시 (힘÷2)%로 발동. 주는 대미지가 1.5배로 증가한다,0
하르빈,35,35,30,45,60,30,25,40,35,순응 : 전투 후 명중 +2 (최대 30까지 증가) (맵이 끝날 때까지),발 묶기+ : 선공일 때의 전투 후 해당 적의 속도 -3 (1회 전투 후 초기화),0
그자람,45,45,20,50,45,35,20,45,30,기분파 : 전투 시 명중 회피 필살 중 하나가 +10,-,0
이오,45,40,25,35,45,40,25,35,35,"애마와의 연계 : [기병] 선공일 경우 해당 전투 중 방어력 +3,필살 회피 30","기승 돌격+ : [기병] 선공일 경우 해당 전투 중 명중 +10, 공격력 +3",0
카타냐,35,35,35,55,50,30,35,40,45,질풍 : 전투 시 자신의 공속이 적보다 3 이상 높으면 명중 +20,"바람을 내 편으로+ : 전투 시 자신의 공속이 적보다 5 이상 높으면 공격력 +3, 8 이상 높으면 회피 +20",0
누디누,45,40,30,45,40,30,25,35,35,강행 돌파 : [기병] 적이 있는 칸을 통과할 수 있다 (자신이 대형 유닛이면 무효),-,0
밴디츠,50,35,20,35,50,35,25,30,35,마차 전투술 : [기병] 자신이 [전차병]이면 명중 +20,전차 승차+ : 자신이 [전차병] 이면 맹격 횟수 +2,0
알렉산드라,30,35,35,55,45,30,40,50,50,백은의 소녀 : 인접한 아군 한 명당 자신의 명중 회피 +5,비상+ : 자신이 보행 불가 지형에 있을 때 공속 +5,0
양계,50,35,40,35,35,30,40,40,25,파계승 : 적 처치 시 (행운÷2)%로 발동. 자신의 HP를 최대 HP만큼 회복한다,활력 결계+ : 공격받을 때 (자신의 남은 HP)%로 발동. 방어력 +5,0
녹투라,50,45,20,45,40,40,20,35,30,집중 : 전투 후 회피 +3 (다음 자신의 페이즈 전까지),존+ : [집중] 발동 시 20%로 발동. 회피 +10 (다음 자신의 페이즈 전까지),0
소피아,35,30,45,30,40,25,40,30,40,치유의 지식 : 마법으로 아군을 회복할 때 회복량 +10,원격 치유+ : 회복 마법의 사정 +2,0
페페,30,30,25,60,45,30,30,45,30,사냥꾼의 매복 : 적 페이즈일 때 전투 시 적이 대미지를 받은 상태라면 30%로 발동. 자신이 선공이 된다,"왕의 위광+ : 전투 시 적이 대미지를 받은 상태라면 공격력 +4, 필살 +10",0
자코네,40,30,20,35,60,30,25,30,15,액스 나이프 : 도끼 장비 시 명중 +10,"비열+ : 전투 시 적의 남은 HP가 절반 이하면 명중 +20, 공격력 +3",0
마지데,65,50,15,20,30,40,10,25,5,광폭한 도끼 : 도끼 장비 시 힘 +3,-,0
키로이카,55,40,15,55,50,30,15,30,25,"포학 : 전투 시 적이 상태 이상이면 공격력 +3,필살 +10",협박+ : 전투 시 20%로 발동. 적의 필살 회피를 반감시킨다,0
자스민,50,40,20,30,45,45,25,40,45,숙련된 반격술 : 후공일 경우 해당 전투 중 명중 +20,-,0
누조,50,50,15,55,45,20,15,25,35,부족의 비기 : 전투 시 자신의 공격이 적에게 유효 특효일 경우 공격력 +3,비오+ : 전투 시 자신의 공격이 적에게 유효 특효일 경우 명중 +20,0
이니오니,40,50,20,35,40,40,30,40,30,강궁수 : 활 장비 시 힘 +3,"꿰뚫기+ : 활의 전투 기술로 공격 시 공격력 +4, 필살 +10",0
키릭,45,50,15,60,50,35,20,30,35,"냉정 침착 : 후공일 경우 해당 전투 중 공속 +3,회피 +10",-,0
네이선,55,60,15,25,60,45,15,25,30,"저돌 맹진 : 선공인 경우 해당 전투 중 공속 +3,회피 +10",-,0
이스마르,50,45,45,45,45,35,35,40,50,구세의 빛 : 주위 2칸 내에 있는 적의 [명부의 가호]를 무효화한다,-,0
홍화,40,30,45,45,45,30,45,30,40,주명 : 마법 장비 시 명중 +10,-,0
트로이아,40,45,45,50,40,30,30,30,30,운수 : 건틀릿 장비 시 명중 +10,-,0
안나,35,35,35,40,40,30,35,50,35,-,-,1
아스완,40,35,10,40,50,30,15,30,20,-,-,1
타호니아,65,50,5,20,40,45,35,20,40,-,-,1
크래프카,40,40,10,25,45,50,15,25,35,-,-,1
센트리온,45,45,25,40,50,50,30,30,30,-,-,1