name,might,weight,hit,avoid,crit,range,uses,desc,kind
파이어,3,5,90,0,0,1-2,10,화염구로 공격하는 초급 마법,fire
볼케논,10,8,85,0,0,1-2,5,주변을 불태우는 상급 마법,fire
Agnea's Arrow,25,20,90,0,5,1-2,1,-,fire
블리자드,4,6,80,0,5,1-2,7,대상을 얼리는 초급 마법,ice
아이스 블레이드,12,10,75,0,5,1-2,6,얼음 칼날을 쏘아 내는 상급 마법,ice
애로,-,-,-,-,-,-,-,-,ice
Fimbulvetr Night,30,28,80,0,10,1-2,1,-,ice
윈드,3,3,100,0,0,1-2,10,진공 칼날을 날리는 초급 마법. 비행 유효,wind
셰이버,7,8,95,0,5,1-2,8,바람 칼날로 공격하는 상급 마법. 비행 유효,wind
엑스칼리버,15,10,100,0,10,1-2,3,거대한 바람 칼날로 적을 찢어 버리는 최상급 마법. 비행 유효,wind
선더,5,7,75,0,0,1-2,8,번개를 떨어트리는 초급 마법,thunder
트론,20,25,55,0,5,1-3,4,전격으로 적을 꿰뚫는 상급 마법,thunder
선더스톰,-,-,-,-,-,-,-,-,thunder
유리 수레바퀴,12,7,90,0,0,1-2,7,경화된 유리 화살로 적을 공격한다. 적의 물방에 의해 대미지가 결정된다. 비행 유효,phy
심판의 검,6,10,80,0,0,1-2,2,스스로 행동하는 검으로 공격한다. 2회 연속으로 공격한다. 적의 물방에 의해 대미지가 결정된다,phy
대지의 턱,17,25,90,0,0,3-10,1,거대한 벽이 모든 것을 씹어 부순다. 적의 물방에 의해 대미지가 결정된다,phy
슬라임Β,3,15,70,0,0,1-3,5,유사 생명체의 소화액으로 공격한다,dark
데스Γ,15,13,75,0,20,1-2,5,인공 사신이 대상을 죽음으로 이끈다. 필살이 높다,dark
도라Δ,5,5,80,0,0,1-2,10,응축된 암흑 물질로 적을 공격한다,dark
웜Ζ,4,21,65,0,0,1-2,2,무수한 미세 기계로 포위 공격 한다. 명중 시 적의 속도 -3 (다음 자신의 페이즈 전까지),dark
루나Λ,1,20,50,0,0,1-2,3,대상을 내부로부터 파괴하는 공격. 적의 마방을 무시한다,dark
반시Θ,8,23,50,0,0,1-3,2,암흑의 팔로 대상을 제압한다. 명중 시 적을 이동 불능 상태로 만든다,dark
다크스파이크Τ,20,20,60,0,0,1-2,2,기병을 상대로 특화된 마법. 기병 특효,dark
리자이어,1,8,80,0,0,1-2,8,대상의 생명력을 흡수하는 신성 마법. 준 대미지의 절반만큼 HP를 회복한다,light
엔젤,10,10,75,0,0,1-2,3,청정한 빛으로 공격하는 신성 마법. 명귀 유효,light
오라,-,-,-,-,-,-,-,-,light
스타라이트,13,30,90,0,0,1-3,3,별빛으로 대상을 물리치는 신성 마법. 명귀 유효,light
라이브,10,-,-,0,-,1,10,상처를 약간 낫게 하는 신성 마법. 아군의 HP를 회복한다,faith
리커버,30,-,-,0,-,1,5,상처를 많이 낫게 하는 신성 마법. 아군의 HP를 크게 회복한다,faith
리브로,8,-,-,0,-,1-10,5,먼 곳의 아군을 치유하는 신성 마법. 떨어져 있는 아군의 HP를 회복한다,faith
리저브,20,-,-,0,-,1-5,2,넓은 범위에 있는 아군을 한꺼번에 치유하는 신성 마법. 범위 내 아군의 HP를 회복한다,faith
레스트,-,-,-,0,-,1-3,10,몸 상태를 되돌리는 신성 마법. 아군의 상태 이상을 해제한다,faith
라이아,3,-,-,0,-,1,15,상처를 약간 낫게 하는 신성 마법. 아군의 HP를 조금 회복한다. 드물게 회복량 +100,faith
이머지스,-,-,-,0,-,1-10,1,치명적 일격을 저지하는 신성 마법. 아군의 필살 회피 +30 (다음 자신의 페이즈 전까지),faith
토치,-,-,-,0,-,-,5,빛으로 어둠을 내쫓는 신성 마법. 시야 +3 (다음 자신의 페이즈 전까지),faith
워프,-,-,-,0,-,1,1,대상을 다른 곳으로 옮기는 마법. 아군을 주위 5칸 이내의 장소로 이동시킨다,faith
레스큐,-,-,-,-,-,-,-,-,faith
Resquia,-,-,-,-,-,-,-,-,faith
리제네라,-,-,-,-,-,1,5,꾸준히 상처를 낫게 하는 신성 마법. 아군의 HP를 페이즈 개시 시마다 소량 회복 (5턴 후 해제),faith
Barrier,-,-,-,-,-,-,-,-,faith
매직 실드,-,-,-,0,-,1,3,마도의 영향을 방어하는 신성 마법. 아군의 마방 +10 (다음 자신의 페이즈 전까지),faith
사일런스,-,-,60,0,-,1-10,2,마도를 봉인하는 신성 마법. 적을 마법 봉인상태로 만든다,faith
프리즈,-,-,60,0,-,1-10,1,-,faith
버서크,-,-,100,-,-,1-10,1,정신에 영향을 미치는 신성 마법. 적을 혼란 상태로 만든다,faith
떠돌이 벽,-,-,-,-,-,1,5,지정한 곳에 벽을 생성한다 (아나톨리아만 사거리 1-3),phy
