name,date,route,desc,reward
레다 외전,"9/1 ~ 9/8",디트리히 세오도라,"9/8일에 시작가능 그 전에 시작하려면 해당 시간까지 자유행동 하면서 시간 스킵함","은의 방패, 20000G, 명성치 150"
세오도라 외전,"9/3 ~ 9/12",디트리히,-,"슬렌드 스피어, 20000G, 명성치 150"
베르트랑 외전,"9/17 ~ 9/25",카이 디트리히 세오도라,"디트리히 루트에선 17일만 수주가능","거대한 금괴, 20000G, 명성치 150"
타리문 외전,"9/17 ~ 9/22, 10/1 ~ 10/10",카이 디트리히 세오도라,-,"재계의 검, 20000G, 명성치 150"
안나 외전,"9/24 ~ 10/5",카이 디트리히 세오도라,"디트리히 루트에서는 9/29 ~ 10/5까지 수주가능","오리할콘, 20000G, 명성치 150"
아나톨리아 외전,"10/5 ~ 10/14",디트리히 레다,"10/17 마감","전자 교란끈, 20000G, 명성치 150, (주민을 모두 살렸으면) 마법 수정, 안녕의 이슬"
카이 외전,"10/16 ~ 10/22",디트리히 세오도라 레다,"10/22일에 시작가능 그 전에 시작하려면 해당 시간까지 자유행동 하면서 시간 스킵함","보주 상자, 20000G, 명성치 150"
디트리히 외전,"10/16 ~ 10/24",세오도라 레다,"11/1 마감, 레다루트에서는 22일까지 수주가능, 세오도라 루트에서는 24일까지 클리어해야함","살라맨더, 20000G, 명성치 150"
오르헬 외전,"10/18 ~ 10/25",카이 디트리히 세오도라 레다,"27일 마감, 카이 루트에선 20일까지 수주가능 21일까지 클리어필요, 세오도라 루트에선 24일까지 수주 클리어 필요","치유의 지팡이, 20000G, 명성치 150"
